[{"id":1,"name":"Disc","category_id":6,"user_id":1,"price":"10.05","img_url":"https://media.getchute.com/m/UR5evlevc/c/2500342/fit/450x300","view":0,"created_at":"2014-12-13T23:13:26.507Z","updated_at":"2014-12-13T23:13:26.507Z"},{"id":2,"name":"Painting","category_id":1,"user_id":2,"price":"33.05","img_url":"https://media.getchute.com/m/UR5eufvpn/c/2500342/fit/450x300","view":3,"created_at":"2014-12-13T23:13:26.510Z","updated_at":"2014-12-13T23:13:26.510Z"},{"id":3,"name":"Surf Board","category_id":9,"user_id":3,"price":"120.99","img_url":"https://media.getchute.com/m/UR5ethvgj/c/2500342/fit/450x300","view":0,"created_at":"2014-12-13T23:13:26.512Z","updated_at":"2014-12-13T23:13:26.512Z"},{"id":4,"name":"White Tank Top","category_id":5,"user_id":2,"price":"55.75","img_url":"https://media.getchute.com/m/UR5eszuip/c/2500342/fit/450x300","view":5,"created_at":"2014-12-13T23:13:26.514Z","updated_at":"2014-12-13T23:13:26.514Z"},{"id":5,"name":"Books of Life","category_id":3,"user_id":1,"price":"105.05","img_url":"https://media.getchute.com/m/UR5epmqog/c/2500342/fit/450x300","view":4,"created_at":"2014-12-13T23:13:26.515Z","updated_at":"2014-12-13T23:13:26.515Z"},{"id":6,"name":"Black Glasses","category_id":5,"user_id":1,"price":"44.99","img_url":"https://media.getchute.com/m/UR5eqdjmp/c/2500342/fit/450x300","view":0,"created_at":"2014-12-13T23:13:26.517Z","updated_at":"2014-12-13T23:13:26.517Z"},{"id":7,"name":"Surf Board","category_id":9,"user_id":1,"price":"44.99","img_url":"https://media.getchute.com/m/UR5eoyben/c/2500342/fit/450x300","view":0,"created_at":"2014-12-13T23:13:26.519Z","updated_at":"2014-12-13T23:13:26.519Z"},{"id":8,"name":"Speedo","category_id":9,"user_id":2,"price":"44.99","img_url":"https://media.getchute.com/m/UR5enulna/c/2500342/fit/450x300","view":0,"created_at":"2014-12-13T23:13:26.521Z","updated_at":"2014-12-13T23:13:26.521Z"},{"id":9,"name":"Blazer","category_id":5,"user_id":2,"price":"44.99","img_url":"https://media.getchute.com/m/UR5elgjzl/c/2500342/fit/450x300","view":1,"created_at":"2014-12-13T23:13:26.523Z","updated_at":"2014-12-13T23:19:59.890Z"},{"id":10,"name":"Empty","category_id":5,"user_id":2,"price":"44.99","img_url":"https://media.getchute.com/m/UR5elgjzl/c/2500342/fit/450x300","view":0,"created_at":"2014-12-13T23:13:26.525Z","updated_at":"2014-12-13T23:13:26.525Z"},{"id":11,"name":"Seadside Trip","category_id":8,"user_id":1,"price":"10.05","img_url":"https://media.getchute.com/m/UR5ejocak/c/2500342/fit/450x300","view":0,"created_at":"2014-12-13T23:13:26.527Z","updated_at":"2014-12-13T23:13:26.527Z"},{"id":12,"name":"BSB Band Disc","category_id":6,"user_id":2,"price":"33.05","img_url":"https://media.getchute.com/m/UR5eiphfc/c/2500342/fit/450x300","view":0,"created_at":"2014-12-13T23:13:26.529Z","updated_at":"2014-12-13T23:13:26.529Z"},{"id":13,"name":"Trip to Copenhagen","category_id":8,"user_id":3,"price":"120.99","img_url":"https://media.getchute.com/m/UR5ehrpgd/c/2500342/fit/450x300","view":0,"created_at":"2014-12-13T23:13:26.531Z","updated_at":"2014-12-13T23:13:26.531Z"},{"id":14,"name":"Trip to Sydney","category_id":8,"user_id":2,"price":"55.75","img_url":"https://media.getchute.com/m/UR5egmehk/c/2500342/fit/450x300","view":0,"created_at":"2014-12-13T23:13:26.533Z","updated_at":"2014-12-13T23:13:26.533Z"},{"id":15,"name":"Surf Board","category_id":9,"user_id":1,"price":"105.05","img_url":"https://media.getchute.com/m/UR5efxmqh/c/2500342/fit/450x300","view":0,"created_at":"2014-12-13T23:13:26.535Z","updated_at":"2014-12-13T23:13:26.535Z"},{"id":16,"name":"Yellow Chairs","category_id":6,"user_id":1,"price":"44.99","img_url":"https://media.getchute.com/m/UR5edfoub/c/2500342/fit/450x300","view":12,"created_at":"2014-12-13T23:13:26.536Z","updated_at":"2014-12-14T03:42:13.237Z"},{"id":17,"name":"Surf Car","category_id":4,"user_id":1,"price":"44.99","img_url":"https://media.getchute.com/m/UR5ecdwrc/c/2500342/fit/450x300","view":0,"created_at":"2014-12-13T23:13:26.538Z","updated_at":"2014-12-13T23:13:26.538Z"},{"id":18,"name":"Swimming Pool","category_id":7,"user_id":2,"price":"44.99","img_url":"https://media.getchute.com/m/UR5ebtanq/c/2500342/fit/450x300","view":0,"created_at":"2014-12-13T23:13:26.540Z","updated_at":"2014-12-13T23:13:26.540Z"},{"id":19,"name":"Laptop","category_id":6,"user_id":2,"price":"44.99","img_url":"https://media.getchute.com/m/UR5eadwxi/c/2500342/fit/450x300","view":0,"created_at":"2014-12-13T23:13:26.542Z","updated_at":"2014-12-13T23:13:26.542Z"},{"id":20,"name":"Surf Board","category_id":9,"user_id":1,"price":"44.99","img_url":"https://media.getchute.com/m/UR5e9cgxj/c/2500342/fit/450x300","view":0,"created_at":"2014-12-13T23:13:26.544Z","updated_at":"2014-12-13T23:13:26.544Z"},{"id":21,"name":"Swimming Pant","category_id":5,"user_id":1,"price":"10.05","img_url":"https://media.getchute.com/m/UR5e8tnch/c/2500342/fit/400x300","view":0,"created_at":"2014-12-13T23:13:26.545Z","updated_at":"2014-12-13T23:13:26.545Z"},{"id":22,"name":"Horse Fish","category_id":7,"user_id":2,"price":"33.05","img_url":"https://media.getchute.com/m/UR5e7tbmx/c/2500342/fit/400x300","view":0,"created_at":"2014-12-13T23:13:26.547Z","updated_at":"2014-12-13T23:13:26.547Z"},{"id":23,"name":"Photograph","category_id":1,"user_id":3,"price":"120.99","img_url":"https://media.getchute.com/m/UR5e6ialc/c/2500342/fit/400x300","view":0,"created_at":"2014-12-13T23:13:26.549Z","updated_at":"2014-12-13T23:13:26.549Z"},{"id":24,"name":"Surf Classes","category_id":8,"user_id":2,"price":"55.75","img_url":"https://media.getchute.com/m/UR5e5ugos/c/2500342/fit/400x300","view":0,"created_at":"2014-12-13T23:13:26.551Z","updated_at":"2014-12-13T23:13:26.551Z"},{"id":25,"name":"Cigarette","category_id":10,"user_id":1,"price":"105.05","img_url":"https://media.getchute.com/m/UR5e0atlr/c/2500342/fit/400x300","view":0,"created_at":"2014-12-13T23:13:26.553Z","updated_at":"2014-12-13T23:13:26.553Z"},{"id":26,"name":"Sunrise","category_id":7,"user_id":1,"price":"44.99","img_url":"https://media.getchute.com/m/UR5e4gmqx/c/2500342/fit/400x300","view":0,"created_at":"2014-12-13T23:13:26.555Z","updated_at":"2014-12-13T23:13:26.555Z"},{"id":27,"name":"Hawaii Vacation","category_id":8,"user_id":1,"price":"44.99","img_url":"https://media.getchute.com/m/UR5dZlbtw/c/2500342/fit/400x300","view":0,"created_at":"2014-12-13T23:13:26.556Z","updated_at":"2014-12-13T23:13:26.556Z"},{"id":28,"name":"Pikachu","category_id":9,"user_id":2,"price":"44.99","img_url":"https://media.getchute.com/m/UR5e3rsci/c/2500342/fit/400x300","view":0,"created_at":"2014-12-13T23:13:26.558Z","updated_at":"2014-12-13T23:13:26.558Z"},{"id":29,"name":"Surf Lesson","category_id":8,"user_id":2,"price":"44.99","img_url":"https://media.getchute.com/m/UR5e1rsxq/c/2500342/fit/400x300","view":0,"created_at":"2014-12-13T23:13:26.560Z","updated_at":"2014-12-13T23:13:26.560Z"},{"id":30,"name":"Selfie","category_id":1,"user_id":1,"price":"44.99","img_url":"https://media.getchute.com/m/UR5dVlspm/c/2500342/fit/400x300","view":0,"created_at":"2014-12-13T23:13:26.562Z","updated_at":"2014-12-13T23:13:26.562Z"}]