{
  "name": "eventEmitter",
  "description": "Event based JavaScript for the browser",
  "version": "4.2.10",
  "main": [
    "./EventEmitter.js"
  ],
  "author": {
    "name": "Oliver Caldwell",
    "web": "http://oli.me.uk/"
  },
  "licenses": [
    {
      "type": "MIT",
      "url": "https://github.com/Wolfy87/EventEmitter#license-mit"
    }
  ],
  "keywords": [
    "events",
    "structure"
  ],
  "ignore": [
    "docs",
    "tests",
    "tools",
    ".gitignore",
    "package.json"
  ],
  "homepage": "https://github.com/Wolfy87/EventEmitter",
  "_release": "4.2.10",
  "_resolution": {
    "type": "version",
    "tag": "v4.2.10",
    "commit": "694c8cc4b7e5c6ab1948c8bece74d6dd8c140b12"
  },
  "_source": "git://github.com/Wolfy87/EventEmitter.git",
  "_target": "4.x",
  "_originalSource": "eventEmitter"
}